Environment,Social,Governance
active,architecture,action
bayesian,channel,agent
boost,code,architecture
classifier,convolutional,arm
conditional,deep,bit
covariance,detection,category
decision,event,circuit
density,filter,communication
estimator,filter,decision
gradient,frequency,distribute
hypothesis,hidden,document
latent,hide,dynamic
margin,hmm,game
minimization,human,group
mixture,layer,human
norm,motion,item
posterior,net,language
probabilistic,object,memory
query,pixel,neuron
regression,recurrent,parallel
regularization,scene,policy
risk,segment,regret
risk,segmentation,reinforcement
smooth,shape,reward
sparse,source,score
sparsity,speaker,sentence
target,speech,simulation
threshold,temporal,strategy
topic,video,topic
variational,visual,user
